<?xml version="1.0" encoding="utf-8" standalone="no" ?>
<wheel>
    <default>
        <physics radius="0.783" width="0.54" mass="0.202" tireType="mud" frictionScale="1.60" maxLongStiffness="9" maxLatStiffness="110" maxLatStiffnessLoad="2" />
        <tire filename="$data/shared/wheels/trelleborg/TM800/R34_TM800.i3d" nodeLeft="2|0" nodeRight="2|0" maxDeformation="0.77" isCareWheel="false" tireTrackAtlasIndex="0" />
        <outerRim filename="$data/shared/wheels/rims/rim001.i3d" node="1|0" widthAndDiam="16 34" />
        <innerRim filename="i3d/Felge_cut1.i3d" nodeLeft="1|1" nodeRight="0|1" widthAndDiam="10 37" offset="0.08" />
    </default>
    <configurations>
        <configuration id="dual" >
            <innerRim filename="-" nodeLeft="-" nodeRight="-" scale="-" />
        </configuration>
    </configurations>
</wheel>
