<?xml version="1.0" encoding="utf-8" standalone="no" ?>
<wheel>
    <default>
        <physics radius="0.845" width="0.6" mass="0.215" tireType="mud" frictionScale="1.60" maxLongStiffness="8" maxLatStiffness="100" maxLatStiffnessLoad="2" />
        <tire filename="$data/shared/wheels/michelin/machXbib/R30_machXbib.i3d" nodeLeft="0|0" nodeRight="0|0" maxDeformation="0.084" isCareWheel="false" tireTrackAtlasIndex="0" />
        <outerRim filename="i3d/Felge_cut1.i3d" node="0|0" scale="0.91 0.8965 0.8965" />
        <innerRim filename="i3d/Felge_cut1.i3d" nodeLeft="1|1" nodeRight="0|1" scale="1 0.9 0.9" />
    </default>
	<configurations>
        <configuration id="weight3" >
            <additional filename="$data/shared/wheels/weights/weight003.i3d" nodeLeft="0|0" nodeRight="0|1" offset="0.05" scale="0.5 0.75 0.75" mass="0.75" />
        </configuration>
    </configurations>
</wheel>
