<?xml version="1.0" encoding="utf-8" standalone="no" ?>
<wheel>
    <default>
        <physics radius="0.804" width="0.6" mass="0.216" tireType="mud" frictionScale="1.60" maxLongStiffness="10" maxLatStiffness="120" maxLatStiffnessLoad="2" />
        <tire filename="$data/shared/wheels/trelleborg/TM900/R30_TM900.i3d" nodeLeft="0|0" nodeRight="0|0" maxDeformation="0.085" isCareWheel="false" tireTrackAtlasIndex="0" />
        <outerRim filename="i3d/Felge_cut1.i3d" node="0|0" scale="0.8 0.9 0.9" />
        <innerRim filename="i3d/Felge_cut1.i3d" nodeLeft="1|1" nodeRight="0|1" scale="1 0.9 0.9" />
    </default>
    <configurations>
        <configuration id="jd" >
            <innerRim filename="$data/shared/wheels/rims/rim006.i3d" nodeLeft="0|0" nodeRight="0|1" />
        </configuration>
        <configuration id="dual" >
            <innerRim filename="-" nodeLeft="-" nodeRight="-" widthAndDiam="-" />
        </configuration>
    </configurations>
</wheel>
