<?xml version="1.0" encoding="utf-8" standalone="no" ?>
<wheel>
    <default>
        <physics radius="0.835" width="0.62" mass="0.229" tireType="mud" frictionScale="1.60" maxLongStiffness="8" maxLatStiffness="100" maxLatStiffnessLoad="2" />
        <tire filename="$data/shared/wheels/michelin/axioBib2/R30_axioBib2.i3d" nodeLeft="3|0" nodeRight="3|0" maxDeformation="0.091" isCareWheel="false" tireTrackAtlasIndex="0" />
        <outerRim filename="i3d/Felge_cut1.i3d" nodeLeft="0|0" nodeRight="1|0" scale="0.95 0.87 0.87" />
        <innerRim filename="i3d/Felge_cut1.i3d" nodeLeft="1|1" nodeRight="0|1" scale="1 0.87 0.87" />
    </default>
    <configurations>
        <configuration id="dual" >
            <innerRim filename="-" nodeLeft="-" nodeRight="-" widthAndDiam="-" />
        </configuration>
    </configurations>
</wheel>
